ID,Name,Email,Credit_Card_Number,Credit_Card_Type
1,Rodi Lotze,rlotze0@netlog.com,nan,china-unionpay
2,Vachel Waistell,vwaistell1@answers.com,nan,diners-club-international
3,Mikey Buttrick,mbuttrick2@narod.ru,5.893663168e+17,maestro
4,None,mking3@networkadvertising.org,3539133178799873.0,jcb
5,Beverie Ternott,bternott4@rakuten.co.jp,3528122067307396.0,jcb
6,Adan Spain-Gower,aspaingower5@diigo.com,3552301123264739.0,jcb
7,Julius Isworth,jisworth6@sogou.com,5002353708913397.0,mastercard
8,Lurette Dalli,ldalli7@dropbox.com,3552100530171127.0,jcb
9,Chic Skeldinge,cskeldinge8@bigcartel.com,3567576059192755.0,jcb
10,Meir Meneer,mmeneer9@hexun.com,3574817615535363.0,jcb
11,Elyn Colegate,ecolegatea@goo.ne.jp,5.0206503e+16,maestro
12,Orly Briar,obriarb@latimes.com,5602251431404060.0,bankcard
13,Brittni Killock,bkillockc@slideshare.net,6.771555991e+17,laser
14,None,parnaldyd@statcounter.com,4.911495404e+17,switch
15,Vittoria Ranald,vranalde@cnet.com,4259579930361.0,visa
16,Dex Mannin,dmanninf@craigslist.org,nan,visa-electron
17,Erwin Godding,egoddingg@comsenz.com,3565750204225909.0,jcb
18,Stearn Careless,scarelessh@craigslist.org,337941956429509.0,americanexpress
19,None,shempshalli@de.vu,5.018462604e+16,maestro
20,Viole Ridder,vridderj@kickstarter.com,5.018100969e+17,maestro
21,Bernie Bullard,bbullardk@admin.ch,5.038987305e+17,maestro
22,Sophey Hynde,shyndel@hp.com,nan,jcb
23,Emilio MacLachlan,emaclachlanm@soup.io,6.331102502e+18,switch
24,Caralie Lindwall,clindwalln@weebly.com,3533977648972114.0,jcb
25,Robers Askaw,raskawo@utexas.edu,337941745473917.0,americanexpress
26,None,dkeblep@slideshare.net,3578544584003597.0,jcb
27,Austin Screach,ascreachq@twitter.com,6706946572815569.0,laser
28,Marylinda Grigoriev,mgrigorievr@technorati.com,3533605973677715.0,jcb
29,Austine Stace,astaces@reddit.com,3581693370537642.0,jcb
30,Tommy Sessions,tsessionst@wiley.com,6.334397982e+17,solo
31,Miguelita Forge,mforgeu@sitemeter.com,3579752725137526.0,jcb
32,Moise Wildgoose,mwildgoosev@geocities.com,3569570258045128.0,jcb
33,Rebe Child,rchildw@army.mil,5641829304112945.0,switch
34,Lew Sloam,lsloamx@mediafire.com,nan,jcb
35,Susana Francioli,sfrancioliy@illinois.edu,nan,jcb
36,None,tmurrowz@barnesandnoble.com,3547427813207957.0,jcb
37,Donia Berkelay,dberkelay10@github.com,5.6022362780000006e+17,china-unionpay
38,Gabe Carlsen,gcarlsen11@zdnet.com,3563164447446946.0,jcb
39,Arly Saffrin,asaffrin12@flickr.com,5.018804672e+16,maestro
40,Rafi Droghan,rdroghan13@eepurl.com,3531212634496833.0,jcb
41,Kenton Stenson,kstenson14@sitemeter.com,3576915708487894.0,jcb
42,None,dhuxtable15@blogger.com,6.331104993000001e+18,switch
43,Barnabe Meagh,bmeagh16@dedecms.com,201579586520124.0,diners-club-enroute
44,None,ssemkins17@stumbleupon.com,nan,jcb
45,Carin Bollins,cbollins18@cmu.edu,nan,mastercard
46,Cammy Tufts,ctufts19@godaddy.com,374622818709734.0,americanexpress
47,None,sletterese1a@buzzfeed.com,nan,jcb
48,Gaston Gamet,ggamet1b@merriam-webster.com,30132453670833.0,diners-club-carte-blanche
49,Deina Paten,dpaten1c@ed.gov,nan,visa-electron
50,Rodolfo Pearton,rpearton1d@aboutads.info,3571289029934603.0,jcb
51,Allie Arghent,aarghent1e@cocolog-nifty.com,3586917922111894.0,jcb
52,Kirk Augustine,kaugustine1f@webmd.com,3558891477049599.0,jcb
53,Bibbye Goudge,bgoudge1g@t-online.de,3543925287256669.0,jcb
54,Paule Guiel,pguiel1h@amazon.de,nan,maestro
55,None,mwildman1i@princeton.edu,4.903908283e+17,switch
56,Tallulah Rainard,trainard1j@miitbeian.gov.cn,5.6022489240000006e+17,china-unionpay
57,Corrianne Rosindill,crosindill1k@nytimes.com,nan,visa-electron
58,Zarah Pilbeam,zpilbeam1l@yelp.com,3550720603034258.0,jcb
59,None,wmuldownie1m@squidoo.com,3540187687141727.0,jcb
60,Daphene Hartman,dhartman1n@globo.com,6.761866134e+17,maestro
61,Ariana Charville,acharville1o@bandcamp.com,30536466731491.0,diners-club-carte-blanche
62,Todd Bindon,tbindon1p@4shared.com,5480529189669423.0,diners-club-us-ca
63,Janifer Kinsley,None,3550703377562001.0,jcb
64,Tina Towey,ttowey1r@alibaba.com,3575354488639964.0,jcb
65,Teddie Fahrenbacher,tfahrenbacher1s@thetimes.co.uk,5.602218938e+16,china-unionpay
66,Norby Pulford,npulford1t@kickstarter.com,3542268397374218.0,jcb
67,None,bmitten1u@github.com,4903110920812556.0,switch
68,Pincas Risbrough,prisbrough1v@fc2.com,3578617021536617.0,jcb
69,Madelaine Allibone,mallibone1w@woothemes.com,nan,china-unionpay
70,Josie Chalder,jchalder1x@cyberchimps.com,3552232738538706.0,jcb
71,Adelbert Likly,alikly1y@netvibes.com,3580038156169999.0,jcb
72,Jeniece Skydall,jskydall1z@wufoo.com,nan,jcb
73,Charley Ibert,cibert20@odnoklassniki.ru,6.761610938e+17,maestro
74,None,hschwieso21@reddit.com,3578513609508187.0,jcb
75,Zachary Najera,znajera22@g.co,4917886270645498.0,visa-electron
76,Judah Dollen,jdollen23@google.ca,201795538858525.0,diners-club-enroute
77,Dicky Hartop,dhartop24@mac.com,5527488219651379.0,mastercard
78,Reade Ferroni,rferroni25@apache.org,4913599339606526.0,visa-electron
79,Rasla Anning,ranning26@geocities.jp,5602232238253041.0,bankcard
80,Stavros Smittoune,ssmittoune27@theatlantic.com,4.93640947e+17,switch
81,Salomi Scrange,sscrange28@gmpg.org,5100146833397895.0,mastercard
82,Rona Smithers,rsmithers29@nps.gov,3574514195602859.0,jcb
83,None,mtorpie2a@unesco.org,3536937094727724.0,jcb
84,Arlana Jubert,ajubert2b@about.com,6.759008938e+16,maestro
85,None,tbroad2c@com.com,4041372930883.0,visa
426,None,wcodabt@google.com.br,nan,jcb
86,None,tpurvey2d@cbsnews.com,3552192050775502.0,jcb
87,Gerty Ord,gord2e@myspace.com,5416154489497562.0,mastercard
88,Kendre Dohms,kdohms2f@imageshack.us,3583995512243023.0,jcb
89,Carmita Girardez,cgirardez2g@youtu.be,3544541182561282.0,jcb
90,Darius Hoggin,dhoggin2h@booking.com,3529527108573518.0,jcb
91,Jephthah Frowd,jfrowd2i@tiny.cc,3584373998831001.0,jcb
92,Sofia Kelcher,skelcher2j@yandex.ru,4405422262082935.0,visa-electron
93,Freedman Wilsone,fwilsone2k@deliciousdays.com,3544314361963053.0,jcb
94,Shela Coupar,scoupar2l@printfriendly.com,nan,jcb
95,Griffin Harbron,gharbron2m@pagesperso-orange.fr,3535476400198156.0,jcb
96,Lanni Dreng,ldreng2n@engadget.com,3535673777107428.0,jcb
97,Pietro Solomon,psolomon2o@lycos.com,4903043134873769.0,switch
98,Michale Wilcock,mwilcock2p@mlb.com,3557853650100277.0,jcb
99,None,aconnichie2q@zimbio.com,3534517052694975.0,jcb
100,Jereme Stivens,jstivens2r@indiatimes.com,3565673259919186.0,jcb
101,Boycie Upjohn,bupjohn2s@vimeo.com,4917603354283777.0,visa-electron
102,Farrand MacVagh,fmacvagh2t@ucla.edu,3578622754299912.0,jcb
103,Egbert Honig,ehonig2u@ed.gov,4844582612443308.0,visa-electron
104,None,amacer2v@macromedia.com,5.602245539e+18,china-unionpay
105,Silvester Levick,slevick2w@qq.com,nan,jcb
106,Rog Gaize,rgaize2x@miibeian.gov.cn,3574038632448015.0,jcb
107,Corine Anthill,canthill2y@flickr.com,nan,jcb
108,Calhoun Ivan,civan2z@netvibes.com,3558836716937658.0,jcb
109,Vonnie MacKill,vmackill30@msu.edu,4913832012314096.0,visa-electron
110,Nonah Shaylor,nshaylor31@shareasale.com,nan,jcb
111,Ethelred Drake,None,nan,diners-club-enroute
112,Cloe McGurn,cmcgurn33@umich.edu,6333744541324495.0,switch
113,Dick Petherick,dpetherick34@washingtonpost.com,nan,diners-club-us-ca
114,Wendel Dimmack,wdimmack35@ifeng.com,3539408470221804.0,jcb
115,Jacquelynn Code,jcode36@cbslocal.com,4041379954340.0,visa
116,Trevor Gerry,tgerry37@macromedia.com,nan,jcb
117,Martie Sherebrooke,msherebrooke38@reuters.com,30269691401868.0,diners-club-carte-blanche
118,Paula Pasque,ppasque39@msu.edu,5.602221513e+18,china-unionpay
119,None,ehayball3a@amazon.co.uk,30517101086061.0,diners-club-carte-blanche
120,Teador Scamerden,tscamerden3b@furl.net,3584725536950439.0,jcb
121,Ammamaria Teape,ateape3c@dyndns.org,3539444267970949.0,jcb
122,None,None,nan,jcb
123,Darla Tourry,dtourry3e@weather.com,nan,switch
124,None,bmaxweell3f@wisc.edu,5602229509233967.0,bankcard
125,Nathalia Cumbes,ncumbes3g@artisteer.com,5154878396659114.0,mastercard
126,None,rsmitten3h@a8.net,nan,jcb
127,Del Nellies,dnellies3i@macromedia.com,4987645060985414.0,visa
128,None,smurie3j@phpbb.com,3569744134422856.0,jcb
129,Roderic Randalson,rrandalson3k@aol.com,3559371878989593.0,jcb
130,Carlynn Downing,cdowning3l@cbc.ca,4508474652487139.0,visa-electron
131,Markos Doge,mdoge3m@sciencedaily.com,5.602249492e+16,china-unionpay
132,Nat Letteresse,nletteresse3n@webmd.com,30041837360054.0,diners-club-carte-blanche
133,Hubey Brindley,hbrindley3o@home.pl,5602258114183507.0,bankcard
134,Eduard Toffolo,None,5541007895405686.0,mastercard
135,Jada Colborn,jcolborn3q@weibo.com,3534941446110706.0,jcb
136,Stephana Kelway,skelway3r@parallels.com,5538393682378947.0,diners-club-us-ca
137,Gregorio Boycott,gboycott3s@usda.gov,3572855977409548.0,jcb
138,Kliment Spowart,kspowart3t@discovery.com,5007666015821242.0,mastercard
139,Juditha Pinnington,jpinnington3u@paypal.com,3536258552017296.0,jcb
140,Jojo Megainey,jmegainey3v@ameblo.jp,3580862474928707.0,jcb
141,Alberik Sedman,asedman3w@bbb.org,201909748844734.0,diners-club-enroute
142,Mattheus Justice,mjustice3x@rambler.ru,374283555900091.0,americanexpress
143,Galvin O Fallon,None,4844878847122240.0,visa-electron
144,Mandel Cone,mcone3z@multiply.com,5.602227647e+16,china-unionpay
145,Grete Donnett,gdonnett40@feedburner.com,5.018860049e+16,maestro
146,Cristi Youdell,cyoudell41@rakuten.co.jp,5378987360110739.0,mastercard
147,Redd McGlashan,rmcglashan42@freewebs.com,4017956159825740.0,visa
148,Angeline Gregorin,agregorin43@sfgate.com,3589088688363066.0,jcb
149,None,kmanagh44@gravatar.com,30007393947022.0,diners-club-carte-blanche
150,Nikki Revens,nrevens45@blogs.com,nan,mastercard
151,None,kberzen46@craigslist.org,6386745806797008.0,instapayment
152,Veradis Fermer,vfermer47@over-blog.com,3577258793758963.0,jcb
153,Sophia Belbin,sbelbin48@hubpages.com,nan,jcb
154,Steve Stanistrete,sstanistrete49@bbb.org,nan,jcb
155,Marcelo Dickin,mdickin4a@dion.ne.jp,4041598771293.0,visa
156,Giffard Van Dijk,gvan4b@multiply.com,3554302716768712.0,jcb
157,Krissy Queyos,kqueyos4c@dailymail.co.uk,nan,diners-club-carte-blanche
158,Rene Hedde,None,3582123902957802.0,jcb
159,None,gandreacci4e@forbes.com,5010122210763107.0,mastercard
160,Ab Lemmer,alemmer4f@goo.ne.jp,3573359492758744.0,jcb
161,None,kgreenhall4g@sogou.com,4844958339702681.0,visa-electron
162,None,abentje4h@ask.com,3555533624628882.0,jcb
163,Deerdre Fuggle,dfuggle4i@theglobeandmail.com,3578367644204702.0,jcb
164,Goldie Ackroyd,gackroyd4j@msn.com,3575996233040037.0,jcb
165,Chrotoem Bruster,cbruster4k@purevolume.com,3589017269402092.0,jcb
166,Gordie MacCumeskey,gmaccumeskey4l@cnet.com,nan,jcb
167,Alia Simms,asimms4m@furl.net,4844893641320577.0,visa-electron
168,Lacey Partner,lpartner4n@google.es,3560769650130939.0,jcb
169,None,rdearnley4o@yahoo.com,3541740736102683.0,jcb
170,None,vdunwoody4p@multiply.com,3552944150287444.0,jcb
171,Iggie Witherup,iwitherup4q@spotify.com,201874753031629.0,diners-club-enroute
172,None,adysart4r@irs.gov,4936860832185464.0,switch
173,Krishna Waterhowse,kwaterhowse4s@apple.com,nan,laser
174,Hermione Colkett,hcolkett4t@usgs.gov,5602212451401576.0,bankcard
175,Addie Royl,aroyl4u@deviantart.com,4.9113543259999994e+17,switch
176,Estevan Garstang,egarstang4v@dedecms.com,3586559320706444.0,jcb
177,Dorry Liversidge,dliversidge4w@ca.gov,3573343220153576.0,jcb
178,Guy Finn,None,3543046274544924.0,jcb
179,Athene McCorkindale,amccorkindale4y@marriott.com,3536904384914024.0,jcb
180,Justen Lowbridge,jlowbridge4z@bravesites.com,nan,maestro
181,Tarra Harg,tharg50@mapy.cz,3529885206858649.0,jcb
182,Kayne Lattimore,klattimore51@reference.com,3534818349783583.0,jcb
183,Ethelin Cowland,ecowland52@baidu.com,nan,jcb
184,Emmery Fotherby,efotherby53@jigsy.com,3578800261524390.0,jcb
185,Caroljean Creamen,ccreamen54@photobucket.com,342691423405565.0,americanexpress
186,Andres Itzcovich,aitzcovich55@sourceforge.net,nan,jcb
187,Chery Stoute,cstoute56@aol.com,201402305283058.0,diners-club-enroute
188,Jordan Welch,jwelch57@webeden.co.uk,nan,jcb
189,Fania Alcido,falcido58@tuttocitta.it,3530518176815276.0,jcb
190,Selie Seabon,sseabon59@opensource.org,3551650444775836.0,jcb
191,None,kmundwell5a@japanpost.jp,3540141763920199.0,jcb
192,None,pmendoza5b@opensource.org,5351107592952714.0,mastercard
193,Townsend Tratton,ttratton5c@elegantthemes.com,6.759235806e+17,switch
194,Vanda Echallie,None,372301415421926.0,americanexpress
195,Winslow Pawlett,wpawlett5e@lulu.com,5131943080719984.0,mastercard
196,Winnie Veare,wveare5f@netlog.com,30471041807998.0,diners-club-carte-blanche
197,Gannon Billborough,gbillborough5g@princeton.edu,3563204661899766.0,jcb
198,None,lwehden5h@typepad.com,3536550343340643.0,jcb
199,None,eramble5i@abc.net.au,3549564746977088.0,jcb
200,Clarabelle Massimo,cmassimo5j@reference.com,4844224359964465.0,visa-electron
201,Elwin Stiff,estiff5k@cnn.com,342487880932617.0,americanexpress
202,Hartley Wadhams,hwadhams5l@unc.edu,6331101856229474.0,switch
203,Marc O Day,moday5m@disqus.com,5108755897333406.0,mastercard
204,Caldwell Meak,cmeak5n@pen.io,6.331104181e+18,switch
205,Rebeca Quincee,rquincee5o@marketwatch.com,4913111622180126.0,visa-electron
206,Con Chasmor,cchasmor5p@jigsy.com,3531915173349276.0,jcb
207,Chic Hodgen,chodgen5q@intel.com,5002356348032981.0,mastercard
208,Concordia Aujean,caujean5r@intel.com,3533672391644800.0,jcb
209,Curran Logg,clogg5s@surveymonkey.com,nan,visa
210,Saleem Adlam,sadlam5t@noaa.gov,5610092432514899.0,china-unionpay
211,Evvy Branford,ebranford5u@europa.eu,4917976843670865.0,visa-electron
212,Goldina Flores,gflores5v@chicagotribune.com,6.771575162e+18,laser
213,Maggi Georgins,mgeorgins5w@cbc.ca,3554652621180027.0,jcb
214,Mervin Snelgar,msnelgar5x@360.cn,4.903125171e+18,switch
215,None,lvillaret5y@columbia.edu,3571002848179437.0,jcb
216,None,stams5z@canalblog.com,372124828823821.0,americanexpress
217,None,zboswood60@dell.com,3533222846286938.0,jcb
218,Cassandry Arnoldi,carnoldi61@accuweather.com,3559290144206105.0,jcb
219,Nerte Roll,nroll62@yellowpages.com,nan,jcb
220,Hobey Pentland,hpentland63@cnet.com,nan,jcb
221,Antin McInulty,amcinulty64@joomla.org,6.759513655e+17,maestro
222,Tomas Gritsaev,tgritsaev65@issuu.com,5602240887871757.0,china-unionpay
223,Arlyne Everist,aeverist66@istockphoto.com,nan,switch
224,Ann-marie Braidon,abraidon67@disqus.com,5010120008377502.0,mastercard
225,Barbee Nand,bnand68@illinois.edu,6375272223373316.0,instapayment
226,Jacquetta Sitford,jsitford69@boston.com,nan,visa
227,Bamby Lincke,blincke6a@xinhuanet.com,3548881512321718.0,jcb
228,None,fmccarl6b@independent.co.uk,3538818231957028.0,jcb
229,Orsa Beddows,obeddows6c@google.co.uk,3581266364983369.0,jcb
230,Tiphani Gilhouley,tgilhouley6d@e-recht24.de,5.602250345e+17,china-unionpay
231,None,qfrankland6e@hao123.com,3544579123231565.0,jcb
232,Alasdair Casetta,acasetta6f@bluehost.com,6759655143611771.0,switch
233,Evie Gooley,egooley6g@bravesites.com,nan,diners-club-enroute
234,Weylin Ciccotti,wciccotti6h@linkedin.com,nan,jcb
235,Romain McLevie,rmclevie6i@ed.gov,36178775274980.0,diners-club-international
236,Burch Bretherton,bbretherton6j@surveymonkey.com,6.334441258e+18,solo
237,Freida Van,fvan6k@mashable.com,3539232897584143.0,jcb
238,Leona McGuffie,lmcguffie6l@yale.edu,3554671335939312.0,jcb
239,Revkah Bown,rbown6m@studiopress.com,nan,switch
240,Geoff Fibbings,gfibbings6n@opera.com,4405412280266826.0,visa-electron
241,Griffie Caney,gcaney6o@gmpg.org,374283305311086.0,americanexpress
242,Trina Keat,tkeat6p@kickstarter.com,6398975549250702.0,instapayment
243,Bryanty Keedwell,bkeedwell6q@cnet.com,3556355232067827.0,jcb
244,Marylou Rape,mrape6r@feedburner.com,nan,jcb
245,Beitris Binne,bbinne6s@purevolume.com,nan,china-unionpay
246,Roxanna Blankett,rblankett6t@spotify.com,5185660772312119.0,mastercard
247,Sigvard O Doogan,sodoogan6u@howstuffworks.com,3540600167726668.0,jcb
248,None,etrever6v@hao123.com,4911860029908917.0,switch
249,Christian Farquarson,cfarquarson6w@wikia.com,3577729864906012.0,jcb
250,Rand Lody,rlody6x@answers.com,nan,mastercard
251,None,cocarney6y@dot.gov,3574150422624968.0,jcb
252,Elka Young,eyoung6z@feedburner.com,5610439438264419.0,china-unionpay
253,Janelle Christensen,jchristensen70@bluehost.com,3560797242243720.0,jcb
254,None,lbeceril71@netscape.com,3558914091271371.0,jcb
255,Darell D Agostino,ddagostino72@xing.com,6.709696946e+16,laser
256,Patsy Wogan,pwogan73@mapquest.com,6763719520825190.0,maestro
257,Davide Erdes,derdes74@flavors.me,5002350261731695.0,mastercard
258,Raymond Kall,rkall75@godaddy.com,nan,visa-electron
259,None,jdimitriades76@biblegateway.com,3531238540723747.0,jcb
260,Samuel Reichert,sreichert77@sfgate.com,3536451071518692.0,jcb
261,None,gbrettle78@omniture.com,nan,visa
262,None,jcarl79@go.com,nan,jcb
263,Robers Krook,rkrook7a@imageshack.us,5294185298617310.0,mastercard
264,Meriel Ovenell,movenell7b@bigcartel.com,nan,jcb
265,Hershel Schubert,hschubert7c@businesswire.com,nan,diners-club-carte-blanche
266,Herold Cantero,hcantero7d@vkontakte.ru,nan,jcb
267,Berny Borsay,bborsay7e@engadget.com,374305960138577.0,americanexpress
268,Clim Duchateau,cduchateau7f@qq.com,5.602259374e+18,china-unionpay
269,Kirby Fergusson,kfergusson7g@posterous.com,3571709868396754.0,jcb
270,Tamar Drains,tdrains7h@oracle.com,3574765027469921.0,jcb
271,Trisha Tither,ttither7i@wikispaces.com,371861455802609.0,americanexpress
272,Moria Lasslett,None,5002356570538762.0,mastercard
273,Donaugh Basini-Gazzi,dbasinigazzi7k@npr.org,3578679619065433.0,jcb
274,Ebba Fould,efould7l@nasa.gov,6333518780250797.0,switch
275,None,tlundberg7m@delicious.com,3587044061446640.0,jcb
276,Killy Farquar,kfarquar7n@yahoo.com,nan,switch
277,Florinda Heartfield,fheartfield7o@globo.com,nan,maestro
278,Britney Gogin,bgogin7p@stumbleupon.com,4844519535860572.0,visa-electron
279,Verna de Leon,vde7q@noaa.gov,3551410762889101.0,jcb
280,Naomi Stoddart,nstoddart7r@wsj.com,5417534811905599.0,diners-club-us-ca
281,Shana O Nion,sonion7s@jugem.jp,3543277451752077.0,jcb
282,Heloise Soares,hsoares7t@narod.ru,nan,americanexpress
283,Ephraim De la Feld,ede7u@reference.com,nan,visa-electron
284,Haslett Flukes,hflukes7v@ftc.gov,5521693377419065.0,diners-club-us-ca
285,Bidget Godding,bgodding7w@newyorker.com,5499384337906577.0,diners-club-us-ca
286,Marrilee Demschke,mdemschke7x@edublogs.org,3543244992479057.0,jcb
287,Mia Medgewick,mmedgewick7y@un.org,6.759133743e+17,maestro
288,Ellwood Greystoke,egreystoke7z@sakura.ne.jp,nan,jcb
289,Mikkel Frackiewicz,mfrackiewicz80@ycombinator.com,nan,maestro
290,Eamon Schrader,eschrader81@alexa.com,3529600831443430.0,jcb
291,Faun Benninck,fbenninck82@ask.com,341326548570339.0,americanexpress
292,Arielle Bibey,abibey83@mail.ru,5.602233951e+16,china-unionpay
293,None,ftenpenny84@ezinearticles.com,nan,jcb
294,Uriah Mannering,umannering85@blogger.com,3542753135562554.0,jcb
295,Heather Widdowes,hwiddowes86@com.com,6.767422703e+18,solo
296,Teirtza Sheardown,tsheardown87@forbes.com,3553015828847783.0,jcb
297,Alene Baldacchi,abaldacchi88@cmu.edu,6.706312644e+18,laser
298,Jeremiah Angeli,jangeli89@t.co,5602241478593990.0,bankcard
299,Brigid Roberts,broberts8a@weebly.com,337941600667314.0,americanexpress
300,Giselbert Mattiassi,gmattiassi8b@meetup.com,nan,visa-electron
301,Candide Goodin,None,3529141202205306.0,jcb
302,Helene Elmhurst,helmhurst8d@illinois.edu,201409385723499.0,diners-club-enroute
303,Shayne Simmgen,ssimmgen8e@instagram.com,nan,americanexpress
304,Saleem Cabbell,scabbell8f@walmart.com,nan,diners-club-carte-blanche
305,Wes Arson,warson8g@dropbox.com,5.602248007e+16,china-unionpay
306,Vincents Sheringham,vsheringham8h@ihg.com,4017954608105.0,visa
307,Johnette Way,jway8i@blogtalkradio.com,374622773506125.0,americanexpress
308,Sibeal Kingsbury,skingsbury8j@umich.edu,5602225059710255.0,bankcard
309,Jolene Mourgue,jmourgue8k@icq.com,3561501566606044.0,jcb
310,Charlene Crabtree,ccrabtree8l@nydailynews.com,30327098537682.0,diners-club-carte-blanche
311,Gilbertina Lahy,None,6397434456249449.0,instapayment
312,Carmencita Birdseye,cbirdseye8n@360.cn,nan,bankcard
313,Kahaleel Sacker,ksacker8o@paginegialle.it,4508498867791290.0,visa-electron
314,Osmond Stranieri,ostranieri8p@theglobeandmail.com,6767537533593217.0,solo
315,Standford De Mico,sde8q@tmall.com,3538190860681786.0,jcb
316,Barthel Pencost,bpencost8r@wikimedia.org,5602248085950604.0,bankcard
317,None,hrikard8s@nasa.gov,nan,jcb
318,Dorie Kinsley,dkinsley8t@virginia.edu,201403868347256.0,diners-club-enroute
319,Dorothee Bouller,dbouller8u@phpbb.com,nan,mastercard
320,None,gmcglaughn8v@auda.org.au,6394236103508207.0,instapayment
321,Jackquelin Kerans,jkerans8w@mapquest.com,4.9056092e+17,switch
322,Hedi Farlamb,hfarlamb8x@last.fm,nan,mastercard
323,None,arookeby8y@t.co,5100133204404161.0,mastercard
324,Alvera Vasyukhin,avasyukhin8z@google.cn,nan,jcb
325,Waylen Please,wplease90@dailymotion.com,201829410908494.0,diners-club-enroute
326,Ahmed Beardshaw,abeardshaw91@indiatimes.com,nan,jcb
327,Benjamen Zanneli,bzanneli92@umich.edu,5602218846853231.0,china-unionpay
328,Hillard Chasle,hchasle93@xing.com,4844179811303597.0,visa-electron
329,Trisha Kamena,tkamena94@gov.uk,6.70608601e+16,laser
330,Elianore Cratchley,ecratchley95@acquirethisname.com,3547210730640116.0,jcb
331,Averil Brigdale,abrigdale96@amazon.com,374622108622605.0,americanexpress
332,Alexandr Warrender,awarrender97@weather.com,6.304940725e+18,maestro
333,None,eclemens98@epa.gov,5.602229444e+18,china-unionpay
334,None,esunnucks99@networksolutions.com,5108759606853183.0,mastercard
335,Andras Stubbes,astubbes9a@salon.com,3570460533350864.0,jcb
336,Helsa Connew,hconnew9b@techcrunch.com,3538929576846682.0,jcb
337,Berthe MacRinn,bmacrinn9c@un.org,30071694446878.0,diners-club-carte-blanche
338,Viviene Maron,vmaron9d@un.org,nan,jcb
339,Dermot Curtis,dcurtis9e@tinyurl.com,5.020018946000001e+16,maestro
340,Maxi Knocker,mknocker9f@fotki.com,5010123736882744.0,mastercard
341,Andrej Berford,aberford9g@bravesites.com,nan,bankcard
342,Aviva Lorant,alorant9h@parallels.com,6395449968744945.0,instapayment
343,Elaina Brewerton,ebrewerton9i@telegraph.co.uk,3582498380043337.0,jcb
344,Harper Boake,hboake9j@360.cn,5546998824641687.0,diners-club-us-ca
345,Jobina Woolner,jwoolner9k@bbc.co.uk,nan,americanexpress
346,None,None,nan,mastercard
347,Red Houlaghan,rhoulaghan9m@ucsd.edu,nan,visa-electron
348,None,spennings9n@nytimes.com,nan,jcb
349,Addia Loutheane,aloutheane9o@hubpages.com,3558469944823340.0,jcb
350,Cordy Teml,cteml9p@wikipedia.org,30214158032384.0,diners-club-carte-blanche
351,L;urette Denisyev,ldenisyev9q@taobao.com,nan,visa
352,Dalt Lias,dlias9r@so-net.ne.jp,5602232505362731.0,china-unionpay
353,None,None,4508437654907073.0,visa-electron
354,Edgardo McCarrell,emccarrell9t@studiopress.com,3557545009205332.0,jcb
355,Gunar Fausset,gfausset9u@booking.com,5483586155397907.0,mastercard
356,Marline Treadger,None,3572027800758364.0,jcb
357,Rafaello Sleford,rsleford9w@phoca.cz,5.602229585e+16,china-unionpay
358,None,rdawidsohn9x@ucsd.edu,nan,mastercard
359,Hendrik Moxstead,hmoxstead9y@admin.ch,30315920644891.0,diners-club-carte-blanche
360,Marcelle Hoxey,mhoxey9z@oaic.gov.au,6.709563792e+18,laser
361,None,ophilcocka0@t-online.de,nan,switch
362,Stephi Hanhart,shanharta1@census.gov,201901776149656.0,diners-club-enroute
363,None,labazia2@discuz.net,372301852394339.0,americanexpress
364,Samuel Ainsworth,sainswortha3@army.mil,6395193132900120.0,instapayment
365,Jacobo Dougliss,jdouglissa4@opera.com,6.771655207e+16,laser
366,Maurie Bearns,mbearnsa5@biblegateway.com,343060768154247.0,americanexpress
367,Carmina Dowbekin,cdowbekina6@dion.ne.jp,374283471217935.0,americanexpress
368,Melodee Concklin,mconcklina7@vinaora.com,604968892210160.0,maestro
369,Matthieu Awde,mawdea8@ycombinator.com,4405509232772478.0,visa-electron
370,None,cwoodyearea9@nymag.com,30403436329320.0,diners-club-carte-blanche
371,Mehetabel Spick,None,nan,visa-electron
372,Nicolina Nolton,nnoltonab@eventbrite.com,3589580521655252.0,jcb
373,None,dgoneyac@prweb.com,5.89388255e+16,maestro
374,Dilly Davion,None,6771800806039258.0,laser
375,Brent Domico,bdomicoae@mediafire.com,nan,mastercard
376,Andrew Rappoport,arappoportaf@forbes.com,nan,jcb
377,Bendicty Karlsson,bkarlssonag@apache.org,374622125616606.0,americanexpress
378,Maryrose Porter,mporterah@wufoo.com,4917586577303664.0,visa-electron
379,Gerladina Comben,gcombenai@naver.com,5602258529092897.0,bankcard
380,Millie Cuxson,mcuxsonaj@ameblo.jp,6706757359141958.0,laser
381,Elnar Easson,eeassonak@japanpost.jp,nan,maestro
382,None,rlundal@china.com.cn,3535355704967476.0,jcb
383,Rik Scriver,rscriveram@usa.gov,5602225021948405.0,bankcard
384,Bendix Masey,bmaseyan@hibu.com,5298285772531221.0,mastercard
385,Jeannette Kynge,jkyngeao@merriam-webster.com,3555672022524200.0,jcb
386,Jo-anne Gandar,jgandarap@ftc.gov,374283439432618.0,americanexpress
387,Godiva Gullberg,ggullbergaq@statcounter.com,6382753169649836.0,instapayment
388,Rhodia Ferne,rfernear@i2i.jp,nan,switch
389,Decca Lamburne,dlamburneas@seesaa.net,3546435053534833.0,jcb
390,Benjie Ambrois,bambroisat@bing.com,5100174641563243.0,mastercard
391,Rafferty Regelous,rregelousau@squidoo.com,3561629736484362.0,jcb
392,Danna Cartwight,dcartwightav@networkadvertising.org,3554743283048030.0,jcb
393,Sholom Racher,sracheraw@sciencedaily.com,3567378669881863.0,jcb
394,Dacy Copestick,dcopestickax@google.co.jp,3535381970856136.0,jcb
395,Bernadene Goulding,bgouldingay@princeton.edu,nan,americanexpress
396,Ignace Gritsaev,igritsaevaz@latimes.com,nan,diners-club-enroute
397,Alvinia Inworth,ainworthb0@mysql.com,5337473813837046.0,mastercard
398,Druci Eisig,deisigb1@linkedin.com,5.641822753000001e+18,switch
399,Odell Gercken,ogerckenb2@senate.gov,nan,diners-club-enroute
400,Caren Roadnight,croadnightb3@oakley.com,5048371504089259.0,mastercard
401,None,rmckelveyb4@hubpages.com,3579843580476123.0,jcb
402,None,mbaudtsb5@virginia.edu,5.03848424e+16,maestro
403,Shannen Menhenitt,None,201645447704627.0,diners-club-enroute
404,Casey Lindenman,clindenmanb7@dmoz.org,3580857266505317.0,jcb
405,Aubert Neaverson,aneaversonb8@samsung.com,nan,diners-club-enroute
406,Ertha Caudwell,ecaudwellb9@nbcnews.com,3564037815776707.0,jcb
407,Berkly Gillhespy,bgillhespyba@smh.com.au,30088870919619.0,diners-club-carte-blanche
408,Johnna Giovannetti,jgiovannettibb@instagram.com,3575702546717869.0,jcb
409,Heywood Damper,hdamperbc@admin.ch,3548094376158040.0,jcb
410,Ashbey Marchenko,amarchenkobd@pbs.org,30316500573658.0,diners-club-carte-blanche
411,Sigmund Sichardt,ssichardtbe@exblog.jp,3561509088610857.0,jcb
412,Susie Nowak,snowakbf@amazon.co.uk,3541290754039375.0,jcb
413,Nil Polhill,npolhillbg@ebay.co.uk,4026106420729391.0,visa-electron
414,Vevay Wrench,vwrenchbh@timesonline.co.uk,6.304407046e+18,maestro
415,Dillie Matteini,dmatteinibi@feedburner.com,5007669979623083.0,mastercard
416,Jeddy Rump,jrumpbj@nature.com,201705016533714.0,diners-club-enroute
417,Vincenty Agus,vagusbk@altervista.org,6331109447663440.0,switch
418,None,lkeatsbl@businesswire.com,3535148032824265.0,jcb
419,Neall O Criane,nocrianebm@live.com,5602213983561648.0,bankcard
420,Welch de Courcey,wdebn@ocn.ne.jp,4.905741163e+18,switch
421,Chaddy Stute,cstutebo@webeden.co.uk,30293342082653.0,diners-club-carte-blanche
422,Collen Topley,ctopleybp@networkadvertising.org,nan,laser
423,Homerus Morsom,hmorsombq@hostgator.com,3538530987999381.0,jcb
424,Lindsy Japp,ljappbr@sciencedirect.com,3532597874388545.0,jcb
425,None,mgiacovettibs@friendfeed.com,5100175644029140.0,mastercard
427,Marcia Elsdon,melsdonbu@wired.com,3586100919597538.0,jcb
428,Mair Maudsley,None,201570609613624.0,diners-club-enroute
429,Karia Lyvon,klyvonbw@homestead.com,3545975181740985.0,jcb
430,None,ksculpherbx@last.fm,nan,jcb
431,Tallia Rubra,trubraby@shutterfly.com,6372414536100886.0,instapayment
432,Brock Lowensohn,blowensohnbz@paypal.com,5514827974716056.0,mastercard
433,Roxine Gwatkin,rgwatkinc0@tmall.com,3574319156484119.0,jcb
434,Timotheus Nortunen,tnortunenc1@statcounter.com,201497019102206.0,diners-club-enroute
435,Wilmette Vernall,wvernallc2@google.it,3559292818445027.0,jcb
436,Sam Colbron,scolbronc3@independent.co.uk,6304490544034963.0,maestro
437,Merl Georgins,mgeorginsc4@stanford.edu,3577324768765423.0,jcb
438,Franny Burmaster,fburmasterc5@omniture.com,6.706670617e+17,laser
439,Kean Varley,kvarleyc6@wikispaces.com,3552651791230259.0,jcb
440,Emmalynne Ship,eshipc7@shop-pro.jp,nan,jcb
441,Andras Angric,aangricc8@salon.com,5002357099491830.0,mastercard
442,Brietta Grinyakin,bgrinyakinc9@census.gov,nan,mastercard
443,None,aborrottca@shinystat.com,5373035342007642.0,mastercard
444,Immanuel Shawley,ishawleycb@cdbaby.com,5213925032962433.0,mastercard
445,None,gmohringcc@hexun.com,3543888636910933.0,jcb
446,Romain Orehead,roreheadcd@de.vu,3570411083415300.0,jcb
447,Erika Rayhill,erayhillce@goodreads.com,nan,americanexpress
448,Jane Ledwidge,jledwidgecf@netlog.com,3552505758062669.0,jcb
449,Harbert Dallon,hdalloncg@i2i.jp,3564516034311800.0,jcb
450,Colline Van der Kruys,cvanch@google.ru,3530611388176262.0,jcb
451,Michelina Berndtsson,mberndtssonci@1688.com,4041598032522.0,visa
452,Britney Ascough,bascoughcj@time.com,371388399730803.0,americanexpress
453,Arleen Skirvin,askirvinck@furl.net,3532008001162258.0,jcb
454,Vite Meddick,vmeddickcl@jigsy.com,3565871538793063.0,jcb
455,Richard Vedikhov,rvedikhovcm@google.fr,4.9058557800000006e+17,switch
456,Nevsa Kirkebye,nkirkebyecn@icq.com,3556118002905612.0,jcb
457,Netty Ondrusek,nondrusekco@xrea.com,3536888248990488.0,jcb
458,Martha Norgate,mnorgatecp@tinyurl.com,6759322134762879.0,maestro
459,Cheslie Parades,cparadescq@technorati.com,3531074814682230.0,jcb
460,Sarena Vasyunkin,svasyunkincr@ehow.com,nan,jcb
461,Bertina Smooth,bsmoothcs@myspace.com,4936100914685879.0,switch
462,Gaston Lyes,glyesct@tinyurl.com,3538220922982490.0,jcb
463,Eddy Malzard,emalzardcu@ibm.com,3539959931661533.0,jcb
464,Anne Iori,aioricv@nydailynews.com,3534147019241650.0,jcb
465,Maison Pheasey,mpheaseycw@nytimes.com,201450440048076.0,diners-club-enroute
466,Faythe Jonathon,fjonathoncx@opensource.org,3543953524573811.0,jcb
467,Bidget Costerd,bcosterdcy@thetimes.co.uk,4913252622121171.0,visa-electron
468,Marta Melia,mmeliacz@reverbnation.com,3572300774089540.0,jcb
469,Donn Bailles,dbaillesd0@newyorker.com,3589505139583653.0,jcb
470,Trudie Kiddie,tkiddied1@wp.com,201436552392014.0,diners-club-enroute
471,Glenn Aldham,galdhamd2@state.tx.us,3574566957937725.0,jcb
472,Adela Treves,atrevesd3@free.fr,nan,jcb
473,None,enewboldd4@icio.us,nan,diners-club-carte-blanche
474,Rab Eteen,reteend5@over-blog.com,nan,visa
475,Sayre Strand,sstrandd6@nps.gov,nan,mastercard
476,Andi Mantha,amanthad7@ovh.net,5002357169349975.0,mastercard
477,Dian Aicken,daickend8@chronoengine.com,3532199306329856.0,jcb
478,Marsha Meldrum,mmeldrumd9@rediff.com,nan,switch
479,Abby Pendock,apendockda@google.fr,3537435995504762.0,jcb
480,Luise Chatelot,lchatelotdb@surveymonkey.com,nan,china-unionpay
481,Shelden Fawke,sfawkedc@histats.com,4041597966910828.0,visa
482,Micaela Talloe,mtalloedd@zdnet.com,5602221695234602.0,bankcard
483,Royall Mc Coughan,rmcde@foxnews.com,nan,jcb
484,None,rfairclothdf@marriott.com,3534379961958037.0,jcb
485,Marieann Sandal,msandaldg@un.org,3582551059787830.0,jcb
486,None,jcarlettidh@myspace.com,nan,diners-club-enroute
487,Fred Hobgen,fhobgendi@hc360.com,5100140142414335.0,mastercard
488,Aleksandr Heather,aheatherdj@blogger.com,201778173650084.0,diners-club-enroute
489,Marlo MacConnechie,mmacconnechiedk@purevolume.com,341425461778695.0,americanexpress
490,Gran Gazzard,None,5.018916018e+16,maestro
491,Shir McMeanma,smcmeanmadm@dailymail.co.uk,nan,visa
492,Blinnie Kupka,bkupkadn@about.com,5602219122944835.0,china-unionpay
493,Idelle Male,imaledo@multiply.com,4692407250547.0,visa
494,Tedra Straine,tstrainedp@mlb.com,3562716697771769.0,jcb
495,Krishna Kellington,kkellingtondq@fema.gov,nan,jcb
496,Hedy Drinkhall,hdrinkhalldr@storify.com,4026172820285442.0,visa-electron
497,Ellery Woolpert,ewoolpertds@mit.edu,4844751825537947.0,visa-electron
498,Horten Leadston,hleadstondt@vistaprint.com,5108751681589378.0,mastercard
499,Tabby Quainton,tquaintondu@about.me,374622268920971.0,americanexpress
500,None,ttrainordv@newyorker.com,nan,diners-club-enroute
501,None,fveazeydw@zimbio.com,3543703372939063.0,jcb
502,None,smccamishdx@nifty.com,nan,jcb
503,Valida Brenneke,vbrennekedy@hatena.ne.jp,6.762111847e+16,maestro
504,Jack Crossby,jcrossbydz@elegantthemes.com,4026076132988587.0,visa-electron
505,Florence Armitage,farmitagee0@narod.ru,3585681136109794.0,jcb
506,Tamiko Glave,tglavee1@storify.com,5002350462951258.0,mastercard
507,None,tabendrothe2@apache.org,201835239139435.0,diners-club-enroute
508,Dianne Stiling,None,3571388106378260.0,jcb
509,Kristen Roblin,krobline4@prlog.org,4405127225883598.0,visa-electron
510,Devon Gori,dgorie5@woothemes.com,201828124535858.0,diners-club-enroute
511,Kacie Cloy,kcloye6@spotify.com,nan,laser
512,Philippine Okie,pokiee7@google.com.au,6.709212722e+17,laser
513,Giorgio Peeke-Vout,gpeekevoute8@slashdot.org,4026558888933057.0,visa-electron
514,None,dlacee9@biglobe.ne.jp,30068681055688.0,diners-club-carte-blanche
515,Elinore Rivett,erivettea@amazon.co.uk,3576556031403453.0,jcb
516,Mirna Rosiello,mrosielloeb@chicagotribune.com,4041596933515.0,visa
517,None,kmcgaugheyec@studiopress.com,3560982518639138.0,jcb
518,Torin Akrigg,takrigged@jalbum.net,nan,jcb
519,Scottie Klejna,sklejnaee@sbwire.com,3528363240557503.0,jcb
520,Stesha Artus,sartusef@cocolog-nifty.com,6.304074585e+17,laser
521,Louie Rosensaft,None,6399730180971218.0,instapayment
522,Lorelle Montacute,lmontacuteeh@mail.ru,3538685196682051.0,jcb
523,Lorrie La Wille,llaei@amazon.com,3554759710064093.0,jcb
524,Mord Icke,mickeej@sourceforge.net,5100170867248329.0,mastercard
525,Mellicent Naismith,None,3573469177373683.0,jcb
526,Evaleen Cogzell,ecogzellel@acquirethisname.com,374283067659425.0,americanexpress
527,None,chidderleyem@feedburner.com,201471927772376.0,diners-club-enroute
528,Marion Deaves,mdeavesen@who.int,5347808507595970.0,mastercard
529,Benoit MacGuffog,bmacguffogeo@nymag.com,3565273824004430.0,jcb
530,Caspar Cussins,ccussinsep@who.int,5602254635427044.0,china-unionpay
531,Kennith Nowakowska,knowakowskaeq@netlog.com,nan,jcb
532,Beaufort Moneti,bmonetier@scribd.com,5048372107510337.0,mastercard
533,None,fteacyes@rediff.com,nan,americanexpress
534,Sherlocke Covet,scovetet@spiegel.de,3588091110894428.0,jcb
535,Livvyy McAllen,lmcalleneu@yolasite.com,nan,laser
536,Zabrina Deguara,zdeguaraev@rakuten.co.jp,5322733509793010.0,mastercard
537,Bart Matthai,bmatthaiew@blogspot.com,5444705914364853.0,diners-club-us-ca
538,Vasilis Lansberry,vlansberryex@fastcompany.com,nan,visa-electron
539,Jaye Bothwell,jbothwelley@smh.com.au,374283317960730.0,americanexpress
540,Nanette Pandey,npandeyez@facebook.com,nan,jcb
541,Harmon Duchesne,hduchesnef0@github.com,6.762881305e+16,maestro
542,Skylar Heggman,sheggmanf1@whitehouse.gov,nan,jcb
543,Alister Cattach,acattachf2@unicef.org,5010120248677901.0,mastercard
544,Troy McClifferty,tmccliffertyf3@springer.com,nan,jcb
545,Wallas Meadway,None,3553321413587267.0,jcb
546,Robinetta Pascall,rpascallf5@ocn.ne.jp,3553243298747925.0,jcb
547,Loretta Canto,lcantof6@cnbc.com,3573618318399193.0,jcb
548,Koo MacGibbon,kmacgibbonf7@twitpic.com,nan,jcb
549,None,fmunrof8@buzzfeed.com,5018810380512286.0,maestro
550,Jervis Di Roberto,jdif9@xing.com,5.60225466e+16,china-unionpay
551,Alard Strangman,astrangmanfa@google.pl,5010128863763369.0,mastercard
552,Kayley Tompsett,ktompsettfb@skype.com,5610899765658592.0,bankcard
553,Arleta McAvinchey,amcavincheyfc@live.com,3547081684659893.0,jcb
554,Linc McCroary,lmccroaryfd@themeforest.net,nan,jcb
555,Lucille Andrusov,landrusovfe@weather.com,3541681248126523.0,jcb
556,Hedda Middell,hmiddellff@ask.com,nan,jcb
557,Jarrad Alam,jalamfg@blogspot.com,nan,mastercard
558,Rosaline Rash,rrashfh@sfgate.com,3528235396207929.0,jcb
559,Biddie Coop,bcoopfi@prlog.org,30063339066179.0,diners-club-carte-blanche
560,Davy Fulbrook,dfulbrookfj@google.pl,3574657771040893.0,jcb
561,Urbanus Grishanin,ugrishaninfk@sina.com.cn,nan,diners-club-carte-blanche
562,Brett Chesterton,bchestertonfl@cocolog-nifty.com,3542594284513687.0,jcb
563,Carmelina Criag,ccriagfm@usa.gov,6767147045635413.0,solo
564,Robert Trevarthen,rtrevarthenfn@a8.net,3584356265609952.0,jcb
565,Tadd Geffinger,tgeffingerfo@reddit.com,3537555511497355.0,jcb
566,Price Rushworth,prushworthfp@discovery.com,5602239139739481.0,china-unionpay
567,Monro Fogt,mfogtfq@fastcompany.com,4913973302265984.0,visa-electron
568,Robyn Edginton,redgintonfr@forbes.com,3587244546264275.0,jcb
569,Kim Almond,None,nan,bankcard
570,Eamon Hintzer,ehintzerft@nasa.gov,3570209323953019.0,jcb
571,None,vtolchardfu@purevolume.com,3588781030305576.0,jcb
572,Bronson Maryska,bmaryskafv@creativecommons.org,30159234170064.0,diners-club-carte-blanche
573,None,rmacelhargefw@ihg.com,nan,jcb
574,Curtice Lempertz,clempertzfx@census.gov,374622550371446.0,americanexpress
575,Georgia Pittway,gpittwayfy@youtube.com,nan,jcb
576,Susana Dickey,sdickeyfz@netscape.com,6759207973772180.0,switch
577,Lorin Crosfield,lcrosfieldg0@reddit.com,5641823453549411.0,switch
578,Henry Harrow,hharrowg1@gizmodo.com,nan,solo
579,None,dpharog2@jugem.jp,3548062584715935.0,jcb
580,Tome Rickersey,trickerseyg3@upenn.edu,nan,mastercard
581,Jenny Besset,jbessetg4@naver.com,3531196951492774.0,jcb
582,Theresina Fiddian,tfiddiang5@nhs.uk,6759456818743191.0,maestro
583,Hewe Behne,hbehneg6@digg.com,nan,maestro
584,Tadio Ion,tiong7@webs.com,5100138582673360.0,mastercard
585,Onfre Worsham,oworshamg8@cbslocal.com,6.759490435e+16,maestro
586,Toni Franzettoini,tfranzettoinig9@ftc.gov,3574900141435546.0,jcb
587,Agnola Wooles,awoolesga@wiley.com,3566707147125777.0,jcb
588,Vin Gouldthorp,vgouldthorpgb@telegraph.co.uk,3545569934766510.0,jcb
589,Tiertza Papierz,tpapierzgc@foxnews.com,4911496016077489.0,switch
590,Mathilde Flintoffe,mflintoffegd@unblog.fr,6375447640978695.0,instapayment
591,Bridie Fendley,bfendleyge@fc2.com,5018353260017373.0,maestro
592,Elizabet Butterworth,ebutterworthgf@homestead.com,nan,jcb
593,Koenraad Martynka,kmartynkagg@cisco.com,3575758450325529.0,jcb
594,Ivie Bolden,iboldengh@simplemachines.org,3554345436392081.0,jcb
595,None,akubikgi@oaic.gov.au,3559843254146725.0,jcb
596,None,dransongj@ucsd.edu,5183091815441396.0,mastercard
597,Wilt Sneath,wsneathgk@disqus.com,201786225022889.0,diners-club-enroute
598,None,eranbygl@umn.edu,5.60225299e+17,china-unionpay
599,Gerri Popeley,None,4041373770403.0,visa
600,Beaufort Heinecke,bheineckegn@biglobe.ne.jp,nan,visa
601,Marita Heaffey,mheaffeygo@economist.com,3586846226486464.0,jcb
602,Willamina Lowless,wlowlessgp@huffingtonpost.com,3562799915130927.0,jcb
603,Lemar Dunckley,ldunckleygq@pinterest.com,nan,jcb
604,None,bceneygr@springer.com,nan,jcb
605,Monroe Smullin,msmullings@house.gov,3585629843417067.0,jcb
606,Betty Gainsburgh,bgainsburghgt@google.ru,3548448230916581.0,jcb
607,Jacobo Garie,jgariegu@t-online.de,3575338293551183.0,jcb
608,Shir Vlies,svliesgv@is.gd,4508717974351551.0,visa-electron
609,Charo Haime,chaimegw@mail.ru,3581222896801405.0,jcb
610,Kermit Feore,kfeoregx@bravesites.com,nan,switch
611,Doy Grouse,dgrousegy@vkontakte.ru,4.903698038e+17,switch
612,None,nkienleingz@goo.ne.jp,nan,mastercard
613,Malvina MacAllen,mmacallenh0@abc.net.au,5168149561965478.0,mastercard
614,Cloris Whyffen,cwhyffenh1@icio.us,4017958761553.0,visa
615,Rhoda Di Bartolomeo,rdih2@telegraph.co.uk,3561486956573550.0,jcb
616,None,tpedlowh3@webs.com,3558166557904520.0,jcb
617,None,bfishh4@bigcartel.com,6771214677224025.0,laser
618,Josee Hughf,jhughfh5@ihg.com,201704621282122.0,diners-club-enroute
619,Keelia Grimwood,kgrimwoodh6@wikia.com,30433023638726.0,diners-club-carte-blanche
620,None,cnurcombeh7@springer.com,5602243273431939.0,bankcard
621,Truda Itzchaky,titzchakyh8@berkeley.edu,5002355946556946.0,mastercard
622,Atlante Magenny,amagennyh9@pagesperso-orange.fr,5.602241063e+17,china-unionpay
623,Hal Tarplee,htarpleeha@furl.net,nan,jcb
624,Eleanor Burrows,eburrowshb@mapy.cz,4893866462552601.0,visa
625,Sharity Nower,snowerhc@1688.com,5602211569583333.0,bankcard
626,Joanne Bernade,jbernadehd@ihg.com,6.762988511e+17,maestro
627,Marylynne Date,mdatehe@exblog.jp,3540240219568337.0,jcb
628,None,eskewishf@hubpages.com,5251997943322018.0,mastercard
629,Robena Kilner,rkilnerhg@is.gd,3583723921247686.0,jcb
630,Hollyanne Squelch,hsquelchhh@rediff.com,3587097416414655.0,jcb
631,Shirleen Sieghard,ssieghardhi@weather.com,6763139565229846.0,maestro
632,Harmon Swaine,hswainehj@buzzfeed.com,nan,jcb
633,Hayley Eakle,heaklehk@cam.ac.uk,3561535848357323.0,jcb
634,Reinaldo Caukill,rcaukillhl@dot.gov,nan,jcb
635,Adamo O Corrane,aocorranehm@china.com.cn,3568521484803765.0,jcb
636,Gloriana Scholz,gscholzhn@gnu.org,3569511123795901.0,jcb
637,Lincoln McConnell,lmcconnellho@nydailynews.com,6331105106729647.0,switch
638,Lionel Malzard,lmalzardhp@g.co,5156491098443866.0,mastercard
639,Daphne Sallan,dsallanhq@toplist.cz,4017954981058390.0,visa
640,None,blitzmannhr@businessinsider.com,5010126629202557.0,mastercard
641,Aube MacGeaney,amacgeaneyhs@arstechnica.com,3563635241879044.0,jcb
642,None,hassenderht@people.com.cn,6377129202880620.0,instapayment
643,Warner Topaz,wtopazhu@businessweek.com,nan,mastercard
644,Cort Heavy,cheavyhv@prlog.org,3588947518308578.0,jcb
645,Jacquenette Bakesef,jbakesefhw@tmall.com,5100139365315872.0,mastercard
646,None,lbeisleyhx@flavors.me,nan,jcb
647,Erhart Binne,ebinnehy@toplist.cz,nan,visa-electron
648,Harlin Monckton,hmoncktonhz@bbc.co.uk,5108750664870508.0,mastercard
649,None,gverbruggheni0@mashable.com,5.038973966e+18,maestro
650,Dolli Morrott,dmorrotti1@stumbleupon.com,3567515184757504.0,jcb
651,Cale Metson,cmetsoni2@loc.gov,373741406357887.0,americanexpress
652,Trumaine Pedro,tpedroi3@vimeo.com,374283711986398.0,americanexpress
653,Fawne Rebert,None,3554503413880052.0,jcb
654,Candie Tisun,ctisuni5@businessinsider.com,5602254456395015.0,bankcard
655,Peter Youthed,pyouthedi6@senate.gov,3554132920718710.0,jcb
656,Shela Knapton,sknaptoni7@shareasale.com,nan,instapayment
657,Renae Paoletto,rpaolettoi8@quantcast.com,nan,diners-club-enroute
658,Mickie Gimeno,mgimenoi9@latimes.com,5602213244649984.0,bankcard
659,Margareta Wolland,mwollandia@accuweather.com,nan,americanexpress
660,Cymbre Ponder,cponderib@furl.net,5048377797844888.0,mastercard
661,Templeton Redsell,tredsellic@shop-pro.jp,4.905700426e+18,switch
662,Jessie Braidon,jbraidonid@last.fm,3528027311139315.0,jcb
663,Henri Parton,hpartonie@economist.com,3575096871434293.0,jcb
664,None,bbonnavantif@bing.com,4936271523784021.0,switch
665,Carolus Cagan,ccaganig@reddit.com,4041372524363.0,visa
666,Gui Kellett,None,5116244913473496.0,mastercard
667,Vinson Walder,vwalderii@mysql.com,nan,jcb
668,None,zmurtyij@ucoz.com,372301474750470.0,americanexpress
669,Maje Vann,mvannik@rediff.com,5.610959249000001e+16,china-unionpay
670,None,rsammeil@reddit.com,5.602256476e+17,china-unionpay
671,Elnar Wormleighton,ewormleightonim@oracle.com,3558562198704438.0,jcb
672,Thacher Souza,tsouzain@techcrunch.com,337941786707249.0,americanexpress
673,Zandra Leggin,zlegginio@51.la,4.903642501000001e+18,switch
674,Alair Goggins,agogginsip@ehow.com,5602236196117833.0,bankcard
675,Josefa Fernao,jfernaoiq@quantcast.com,5.602220547e+16,china-unionpay
676,Chloe Burndred,cburndredir@hud.gov,5893990306200735.0,maestro
677,Celestine Troake,ctroakeis@bandcamp.com,341855121913169.0,americanexpress
678,Xerxes Schirach,xschirachit@state.gov,5549276720064925.0,diners-club-us-ca
679,Tristan Sibylla,tsibyllaiu@nps.gov,nan,jcb
680,Reinaldo Jizhaki,rjizhakiiv@icq.com,5602219543358888.0,bankcard
681,Mag Lowater,mlowateriw@networksolutions.com,nan,solo
682,Georgeta Featherby,gfeatherbyix@senate.gov,nan,jcb
683,Morgen Peltz,mpeltziy@oaic.gov.au,nan,diners-club-enroute
684,None,tghironiz@arizona.edu,3559106626566065.0,jcb
685,Bria Goodlud,bgoodludj0@gov.uk,3535013412987431.0,jcb
686,None,igerlingj1@pbs.org,nan,solo
687,Joli Biesinger,jbiesingerj2@imageshack.us,5.602216815e+17,china-unionpay
688,Bill Acock,bacockj3@pen.io,nan,jcb
689,Ardys Harty,ahartyj4@shop-pro.jp,3551882317949657.0,jcb
690,None,nwarmingtonj5@ask.com,5610627395897888.0,bankcard
691,Dee Rosenstock,drosenstockj6@wordpress.com,376785204312385.0,americanexpress
692,Jeana Lanigan,jlaniganj7@youtube.com,nan,diners-club-carte-blanche
693,Arliene Cauldwell,acauldwellj8@timesonline.co.uk,30302389687991.0,diners-club-carte-blanche
694,Sena McCarney,smccarneyj9@indiegogo.com,nan,bankcard
695,Jenica de Clerc,jdeja@imageshack.us,5.602240662e+17,china-unionpay
696,Marleah Bardill,None,nan,visa-electron
697,None,eshenleyjc@boston.com,5.6106865590000006e+17,china-unionpay
698,None,lpaulmannjd@economist.com,5010123601660654.0,mastercard
699,Rollie Borg,rborgje@sogou.com,3555399058612051.0,jcb
700,None,rpedrickjf@blinklist.com,201999372415323.0,diners-club-enroute
701,Juan Prinett,jprinettjg@altervista.org,nan,maestro
702,Jennica Poppleston,jpopplestonjh@cnn.com,3536453738476843.0,jcb
703,Danit Hannabuss,dhannabussji@diigo.com,nan,visa-electron
704,Des Kynaston,dkynastonjj@mac.com,nan,jcb
705,Riva Blench,rblenchjk@photobucket.com,3537554268181502.0,jcb
706,Aristotle Jesper,ajesperjl@github.com,3569346505841316.0,jcb
707,Ogdan Valasek,ovalasekjm@tumblr.com,nan,jcb
708,Bertine Debnam,bdebnamjn@indiatimes.com,6.706134363e+16,laser
709,Kahlil MacTimpany,kmactimpanyjo@prnewswire.com,nan,switch
710,None,cbickelljp@sitemeter.com,3563950716597363.0,jcb
711,None,nairdriejq@europa.eu,5.602234908e+16,china-unionpay
712,Tabbitha Aaronson,taaronsonjr@opera.com,3567471224212920.0,jcb
713,Jamie Fesby,jfesbyjs@tuttocitta.it,6.7637192e+17,maestro
714,None,gackrilljt@fema.gov,nan,diners-club-us-ca
715,Trenton Cobden,tcobdenju@joomla.org,201883812193924.0,diners-club-enroute
716,Montgomery Charrisson,mcharrissonjv@google.pl,nan,jcb
717,Ches Camelia,ccameliajw@guardian.co.uk,3533915487621483.0,jcb
718,Dilly Petroff,dpetroffjx@taobao.com,5038732658610012.0,maestro
719,None,pkemwaljy@live.com,30066611348850.0,diners-club-carte-blanche
720,Leonanie Hancock,lhancockjz@barnesandnoble.com,nan,americanexpress
721,Aggy Darwent,adarwentk0@ucla.edu,nan,americanexpress
722,None,tearwakerk1@macromedia.com,3537855265379167.0,jcb
723,Paolo Ure,purek2@printfriendly.com,5602227489712455.0,bankcard
724,Bathsheba Shrubsall,bshrubsallk3@deviantart.com,3566244916639218.0,jcb
725,Theressa Cridge,tcridgek4@photobucket.com,6.304533575e+16,maestro
726,Gerhardt Pedersen,gpedersenk5@elegantthemes.com,6759591407906872.0,switch
727,Sher Scrowston,sscrowstonk6@ovh.net,3587843188630790.0,jcb
728,Kalie Sapey,ksapeyk7@pinterest.com,5.020899825e+18,maestro
729,Martie Haccleton,mhaccletonk8@lulu.com,5392218494594321.0,mastercard
730,Burton Baldam,None,372301181480221.0,americanexpress
731,Rubina Conry,rconryka@nifty.com,3571848192020076.0,jcb
732,Mari Barriball,mbarriballkb@mac.com,201863354045781.0,diners-club-enroute
733,Lou Moreton,lmoretonkc@microsoft.com,6771143256744121.0,laser
734,None,ccoursorkd@youtu.be,3550098686041775.0,jcb
735,Helaine Greeno,hgreenoke@weibo.com,nan,switch
736,Nilson Oakland,noaklandkf@netvibes.com,5.602244237e+16,china-unionpay
737,None,rakermankg@npr.org,3542290489675641.0,jcb
738,Tod Renvoise,trenvoisekh@digg.com,3538932011501607.0,jcb
739,None,vosgordbyki@quantcast.com,4.903937985e+18,switch
740,Betta Swetenham,bswetenhamkj@biglobe.ne.jp,6759204347334888.0,maestro
741,Annabela Oulet,aouletkk@ucsd.edu,nan,jcb
742,Clayton Haldene,chaldenekl@mail.ru,3562366001800027.0,jcb
743,Omero Medmore,omedmorekm@time.com,nan,diners-club-enroute
744,Janessa Wands,jwandskn@imdb.com,3540817988686422.0,jcb
745,Brant Tailby,btailbyko@nyu.edu,3556747493164683.0,jcb
746,Vin Peile,vpeilekp@guardian.co.uk,5.602245258e+17,china-unionpay
747,Carny Gittus,cgittuskq@purevolume.com,5.602244558e+17,china-unionpay
748,Conney Washington,cwashingtonkr@theglobeandmail.com,3544904336792155.0,jcb
749,None,None,nan,jcb
750,Thedrick Betke,tbetkekt@nationalgeographic.com,30424719821585.0,diners-club-carte-blanche
751,Mayer Gray,mgrayku@infoseek.co.jp,370471681103920.0,americanexpress
752,None,vmctrustriekv@pagesperso-orange.fr,3588290696992016.0,jcb
753,Debbie Chesshyre,dchesshyrekw@blogs.com,3548903503037101.0,jcb
754,Parrnell Claesens,pclaesenskx@moonfruit.com,3529951296067200.0,jcb
755,None,nonolandky@earthlink.net,nan,jcb
756,Brennan Willcox,bwillcoxkz@google.ru,5.893869862e+18,maestro
757,None,gspenleyl0@washington.edu,4913732561496130.0,visa-electron
758,Christan Mewhirter,cmewhirterl1@cdc.gov,nan,jcb
759,None,plandsboroughl2@eventbrite.com,3589965577883686.0,jcb
760,Ashley Measures,ameasuresl3@moonfruit.com,nan,jcb
761,Barney Timmens,btimmensl4@google.ru,5602230198611000.0,bankcard
762,Suki McMurthy,smcmurthyl5@tripod.com,30401061335232.0,diners-club-carte-blanche
763,Salvador Goucher,sgoucherl6@java.com,5100148218105463.0,mastercard
764,Elbertine Lomax,elomaxl7@diigo.com,3572431873177272.0,jcb
765,Cris McPeice,cmcpeicel8@moonfruit.com,6.762553245e+16,maestro
766,Berni Shillam,bshillaml9@github.io,30591813178581.0,diners-club-carte-blanche
767,Seward Avrahm,savrahmla@blogspot.com,5.602232021e+17,china-unionpay
768,None,jitzkovwichlb@cnet.com,3561251952923633.0,jcb
769,None,ebochlc@latimes.com,201409768982225.0,diners-club-enroute
770,Melesa Stead,None,3535807722835788.0,jcb
771,Wally Ind,windle@ed.gov,3532102406613542.0,jcb
772,None,kbowermanlf@tinyurl.com,5602258315891536.0,bankcard
773,Dolf Guiver,dguiverlg@arstechnica.com,3573669104201432.0,jcb
774,None,mshalloolh@china.com.cn,6304486793249260.0,maestro
775,Hildagard Lack,hlackli@furl.net,30084457730313.0,diners-club-carte-blanche
776,Basil Chinnock,bchinnocklj@springer.com,372301505846354.0,americanexpress
777,Rog Simkins,rsimkinslk@state.gov,3555836230116113.0,jcb
778,Colin Urch,curchll@imageshack.us,4936045743710259.0,switch
779,Berty Marcroft,bmarcroftlm@prnewswire.com,nan,visa
780,Pepillo Fritz,pfritzln@google.com.br,3581584630213373.0,jcb
781,Con Epple,cepplelo@umich.edu,3549866173557550.0,jcb
782,Norah Daniell,ndanielllp@tamu.edu,3578088279265053.0,jcb
783,Marlo Boustead,mbousteadlq@who.int,5602247784730218.0,bankcard
784,Sheryl Licciardiello,slicciardiellolr@1und1.de,3540066834680466.0,jcb
785,Tedmund Lauritsen,tlauritsenls@jimdo.com,nan,jcb
786,Min O  Hogan,molt@nsw.gov.au,30448038266107.0,diners-club-carte-blanche
787,Conni Utteridge,cutteridgelu@i2i.jp,6.331107955e+17,switch
788,Olivette Tonsley,otonsleylv@umn.edu,nan,jcb
789,Forrest Markwick,fmarkwicklw@opera.com,6.045408697e+16,maestro
790,Henri Bickley,hbickleylx@google.cn,4508368221907678.0,visa-electron
791,Klaus Deveril,kdeverilly@goo.ne.jp,3566882727125610.0,jcb
792,Dag Mennithorp,dmennithorplz@sphinn.com,30568235898020.0,diners-club-carte-blanche
793,Adey Crosier,acrosierm0@friendfeed.com,3553856461848194.0,jcb
794,Koren Malenfant,kmalenfantm1@boston.com,5002354511935429.0,mastercard
795,None,hshasnanm2@google.com.hk,5108758328227494.0,mastercard
796,Felizio Mussington,fmussingtonm3@tmall.com,6.767576939e+17,solo
797,Oran Ellam,oellamm4@abc.net.au,5018255628737180.0,maestro
798,Brandyn Sowrey,bsowreym5@economist.com,5.610740078e+17,china-unionpay
799,Dayle Eltone,deltonem6@purevolume.com,374622242867207.0,americanexpress
800,Prentiss Lowy,plowym7@unc.edu,3537720468796981.0,jcb
801,Stevy Oxbrough,soxbroughm8@cam.ac.uk,3540365060638960.0,jcb
802,Rhett Kegley,rkegleym9@buzzfeed.com,3545820400178015.0,jcb
803,None,vdohmannma@sphinn.com,3534280154589219.0,jcb
804,Mariele Minster,mminstermb@sciencedaily.com,nan,jcb
805,Philip Sherry,psherrymc@boston.com,5461517666455278.0,diners-club-us-ca
806,Norma Elion,nelionmd@list-manage.com,3565829587950596.0,jcb
807,Clarissa Downton,cdowntonme@smh.com.au,nan,switch
808,Cahra O Longain,colongainmf@bandcamp.com,372301159352949.0,americanexpress
809,None,cblandenmg@ustream.tv,nan,switch
810,Laraine Zmitruk,lzmitrukmh@geocities.jp,3560642683248566.0,jcb
811,Binny Hiddersley,bhiddersleymi@histats.com,6388936517957050.0,instapayment
812,None,None,374288086798229.0,americanexpress
813,Antonietta Jerrems,ajerremsmk@newsvine.com,5.602249044e+18,china-unionpay
814,Matthias Egdal,megdalml@ocn.ne.jp,nan,jcb
815,None,amcritchiemm@umich.edu,337941421890814.0,americanexpress
816,None,acastellmn@booking.com,5048371245958028.0,mastercard
817,Theodora Thompstone,tthompstonemo@mit.edu,5100147619692764.0,mastercard
818,Yvor Wortley,ywortleymp@acquirethisname.com,nan,jcb
819,Shanda Bautiste,sbautistemq@independent.co.uk,3575483504811388.0,jcb
820,Adriane Arkell,aarkellmr@nytimes.com,30179671108955.0,diners-club-carte-blanche
821,Derby Kroch,dkrochms@slate.com,5.641820987e+17,switch
822,Sauncho Skeats,sskeatsmt@amazon.co.jp,nan,mastercard
823,Kaine Winpenny,kwinpennymu@360.cn,4844914992159263.0,visa-electron
824,Ingeborg Daulby,idaulbymv@theatlantic.com,3552844107568310.0,jcb
825,Carole Feldhorn,cfeldhornmw@google.co.jp,6372963015534494.0,instapayment
826,Boycie Mealham,bmealhammx@smugmug.com,5038902757224029.0,maestro
827,Brynn Jerrom,bjerrommy@bloglovin.com,3528288914491178.0,jcb
828,None,rhonschmz@constantcontact.com,6.771628841000001e+18,laser
829,None,ftidcomben0@discovery.com,nan,jcb
830,Chrissie Griston,cgristonn1@jimdo.com,30332476175915.0,diners-club-carte-blanche
831,Jacquette Momford,jmomfordn2@phoca.cz,340418677311949.0,americanexpress
832,Harris Swayland,None,6763913506366549.0,maestro
833,Dawna Haberjam,dhaberjamn4@studiopress.com,6.709046315e+17,laser
834,Ward Gladding,wgladdingn5@cdbaby.com,6.304755296e+16,laser
835,Taddeusz Cheal,tchealn6@samsung.com,5.893362978e+17,maestro
836,Temple Fawdry,tfawdryn7@samsung.com,3554953438587960.0,jcb
837,Ev Woodman,ewoodmann8@ifeng.com,5602211161923986.0,china-unionpay
838,Isobel Jamison,ijamisonn9@discovery.com,5.602255911e+18,china-unionpay
839,Merridie Tebbutt,mtebbuttna@nationalgeographic.com,3534365725070466.0,jcb
840,Broddy Bagot,bbagotnb@fda.gov,30298380732804.0,diners-club-carte-blanche
841,Devi Bee,dbeenc@time.com,5610445739354957.0,bankcard
842,Donnell Iacoviello,diacoviellond@cbslocal.com,30456467325104.0,diners-club-carte-blanche
843,Constantine Amer,camerne@twitpic.com,nan,jcb
844,Christabella Crocetti,ccrocettinf@usa.gov,3585106121501078.0,jcb
845,Sherline Stanton,sstantonng@desdev.cn,nan,switch
846,Deva Phipard-Shears,dphipardshearsnh@usda.gov,3543843025539694.0,jcb
847,Natassia Scanes,nscanesni@umn.edu,374288288972531.0,americanexpress
848,Marley Edden,meddennj@japanpost.jp,5108758096872448.0,mastercard
849,Padraic Whitmarsh,pwhitmarshnk@ucla.edu,374288757332688.0,americanexpress
850,Leontine Tebald,ltebaldnl@tripadvisor.com,nan,jcb
851,Sebastian Cunney,scunneynm@businessinsider.com,6.771648734e+16,laser
852,None,hmaseynn@360.cn,201768602849944.0,diners-club-enroute
853,Odetta Devonish,odevonishno@furl.net,3557214959509520.0,jcb
854,None,nvanderveldtnp@webmd.com,374622895289519.0,americanexpress
855,Merrick Enrique,menriquenq@nature.com,nan,jcb
856,None,jmausnr@bloglines.com,4405208870764679.0,visa-electron
857,Alyse Burth,aburthns@blinklist.com,nan,jcb
858,Amerigo Braybrooke,abraybrookent@51.la,nan,china-unionpay
859,None,ttaftnu@google.com.hk,30482975261276.0,diners-club-carte-blanche
860,Sibella Inold,sinoldnv@nydailynews.com,nan,jcb
861,Sander Schultes,sschultesnw@dell.com,3536591313772613.0,jcb
862,None,weslingernx@digg.com,3578473193919920.0,jcb
863,Mickie Ungerer,mungererny@fema.gov,5100148828089206.0,mastercard
864,Welsh Causley,wcausleynz@wordpress.org,374283116600479.0,americanexpress
865,Lauri Bum,None,5010126825399215.0,mastercard
866,Orlando Waskett,owasketto1@spotify.com,3586217922366923.0,jcb
867,Crosby Meert,cmeerto2@slideshare.net,3581246195713219.0,jcb
868,Willetta Lambol,wlambolo3@zdnet.com,nan,mastercard
869,Yves MacDonagh,ymacdonagho4@salon.com,3584458800458976.0,jcb
870,Vite Aidler,vaidlero5@wp.com,5610959395500596.0,bankcard
871,Ricard Sealove,rsealoveo6@java.com,3589940174779074.0,jcb
872,Davide Dockree,ddockreeo7@digg.com,6.759874198e+18,switch
873,None,fehrato8@apple.com,5610254043293426.0,bankcard
874,Reeva Calderwood,rcalderwoodo9@cpanel.net,5048378738859852.0,mastercard
875,Jelene Libreros,jlibrerosoa@w3.org,nan,visa-electron
876,Ernest Fernez,efernezob@howstuffworks.com,5602223121727985.0,china-unionpay
877,None,cphelipeauxoc@sciencedaily.com,3546402004750181.0,jcb
878,Phyllys Gouda,pgoudaod@mysql.com,4041372459849960.0,visa
879,Pearce Saice,psaiceoe@netvibes.com,5.60223411e+18,china-unionpay
880,Fred Tebbe,ftebbeof@sitemeter.com,4844806724053733.0,visa-electron
881,None,mhaniganog@jigsy.com,6759121088481712.0,switch
882,None,jtegelleroh@fema.gov,5602252327287692.0,bankcard
883,Bren Leborgne,bleborgneoi@ucoz.ru,6.767631054e+17,solo
884,Randa Bareford,rbarefordoj@statcounter.com,nan,jcb
885,Woodman Wakely,wwakelyok@istockphoto.com,4508875050601354.0,visa-electron
886,None,None,nan,china-unionpay
887,None,ktaffieom@canalblog.com,5100144218033342.0,mastercard
888,None,tissardon@patch.com,3555214575403860.0,jcb
889,Seth Sheber,ssheberoo@is.gd,30534815348729.0,diners-club-carte-blanche
890,Barnie Caldeiro,bcaldeiroop@prlog.org,30360772343226.0,diners-club-carte-blanche
891,None,jwemmoq@reddit.com,nan,mastercard
892,Chrotoem Tallach,ctallachor@lulu.com,6.304298222e+17,maestro
893,Rudy Autin,rautinos@odnoklassniki.ru,3559514893846641.0,jcb
894,Pen Clemence,pclemenceot@free.fr,5518518511777901.0,mastercard
895,Leonid Rowatt,lrowattou@hhs.gov,4041591716014.0,visa
896,Zitella Chaney,zchaneyov@google.cn,5.893702161e+16,maestro
897,Haskell Mathan,None,6.044242338e+17,maestro
898,Glyn Jimenez,gjimenezox@g.co,4844117605184120.0,visa-electron
899,Rochella Danne,rdanneoy@paginegialle.it,3536838239976343.0,jcb
900,Chic Maywood,cmaywoodoz@bing.com,377542026223491.0,americanexpress
901,Kearney Elnough,kelnoughp0@privacy.gov.au,6.30413361e+17,laser
902,Pattin Embleton,pembletonp1@youtube.com,3583584941788855.0,jcb
903,Bobinette Tailby,btailbyp2@comcast.net,36206580372721.0,diners-club-international
904,Moss Van Oort,mvanp3@technorati.com,3588966962388159.0,jcb
905,None,cgravellsp4@w3.org,337941972596786.0,americanexpress
906,Sayre Fellgett,sfellgettp5@wordpress.com,6.763640037e+17,maestro
907,Phylys Mulvin,pmulvinp6@sciencedirect.com,3549109655098458.0,jcb
908,Elysha Oppery,eopperyp7@home.pl,4917299456835893.0,visa-electron
909,Evin D Ambrosio,edambrosiop8@amazonaws.com,6.759803069000001e+18,switch
910,Angelika Rillatt,arillattp9@pinterest.com,30148055254537.0,diners-club-carte-blanche
911,Agnella Boyne,aboynepa@4shared.com,5602211427864131.0,bankcard
912,Sidonnie Ney,sneypb@hugedomains.com,4026113137995380.0,visa-electron
913,Leah Kneath,lkneathpc@omniture.com,nan,jcb
914,Tommie Abberley,tabberleypd@booking.com,6762582272062730.0,maestro
915,Isahella Espinos,iespinospe@msn.com,nan,jcb
916,Barb Coddington,bcoddingtonpf@google.com.hk,6.334355766999999e+18,solo
917,Faina Gullen,fgullenpg@friendfeed.com,nan,bankcard
918,Trix Greengrass,tgreengrassph@skyrock.com,nan,jcb
919,Lavina Tewkesbury,ltewkesburypi@harvard.edu,3546021728647885.0,jcb
920,Jareb Tomaszynski,jtomaszynskipj@people.com.cn,6380295165012793.0,instapayment
921,None,bgerrelspk@craigslist.org,3558948706041381.0,jcb
922,Dean Brydell,dbrydellpl@businessinsider.com,3580118502886940.0,jcb
923,None,jquiddingtonpm@hostgator.com,6.763631533e+17,maestro
924,Oona Lackinton,olackintonpn@miibeian.gov.cn,3571081581625327.0,jcb
925,Laraine Kibbey,lkibbeypo@google.ru,3586397070065129.0,jcb
926,Darya Grainger,dgraingerpp@gmpg.org,6.331105735e+18,switch
927,None,lbythellpq@live.com,nan,jcb
928,Daron Whitaker,dwhitakerpr@dagondesign.com,3553059194422490.0,jcb
929,Rikki Kaye,rkayeps@slashdot.org,3538953852203756.0,jcb
930,Brigg Cottingham,bcottinghampt@time.com,nan,jcb
931,Pall Mackstead,pmacksteadpu@51.la,3569869792490513.0,jcb
932,Ermin Prestige,eprestigepv@vinaora.com,nan,jcb
933,Benedicto Bleier,bbleierpw@cbslocal.com,370917990544667.0,americanexpress
934,Isac Snugg,isnuggpx@mayoclinic.com,3586728273154825.0,jcb
935,None,mnairnspy@washington.edu,3570177587975434.0,jcb
936,Finley Bearn,fbearnpz@php.net,30378680462581.0,diners-club-carte-blanche
937,Bevan Ravilious,braviliousq0@nps.gov,nan,jcb
938,None,epounsettq1@bizjournals.com,3539331030528270.0,jcb
939,Allene Lazarus,alazarusq2@theatlantic.com,6759023948430485.0,maestro
940,Elizabet Trueman,etruemanq3@ustream.tv,nan,jcb
941,None,tbrieretonq4@clickbank.net,5.602234195e+18,china-unionpay
942,Marya McGall,mmcgallq5@yahoo.com,4041598737344.0,visa
943,Heath Tamburo,htamburoq6@hexun.com,6759619926903631.0,maestro
944,Elbert Shrimpling,eshrimplingq7@apache.org,5.018457738999999e+16,maestro
945,Briana Squeers,bsqueersq8@latimes.com,374622275247061.0,americanexpress
946,Yale Wollacott,None,nan,jcb
947,Kirbee Tew,ktewqa@seattletimes.com,4041592823831580.0,visa
948,Godiva Varns,gvarnsqb@nyu.edu,3568644886696387.0,jcb
949,None,gfockesqc@skyrock.com,nan,maestro
950,Ashlin Clilverd,aclilverdqd@usgs.gov,3543599431872166.0,jcb
951,Carita Duran,cduranqe@dion.ne.jp,5351868751080965.0,mastercard
952,None,jfinnimoreqf@bandcamp.com,5610388525215265.0,china-unionpay
953,Emmy Titterell,etitterellqg@columbia.edu,5.602258141e+17,china-unionpay
954,Afton Hatterslay,ahatterslayqh@bizjournals.com,3547879728354391.0,jcb
955,Nariko Martschik,nmartschikqi@posterous.com,6.333415974e+18,switch
956,Kenton Andreou,kandreouqj@techcrunch.com,604121464326465.0,maestro
957,Collette Jelf,cjelfqk@sfgate.com,5559378476194844.0,mastercard
958,Roseann Storrar,rstorrarql@vimeo.com,nan,visa-electron
959,Carmelia Castiblanco,ccastiblancoqm@home.pl,nan,jcb
960,Lorne Nicholas,lnicholasqn@ow.ly,3573645064821799.0,jcb
961,Penelopa Jakubovits,pjakubovitsqo@bravesites.com,5048372224797643.0,mastercard
962,Timotheus Lipmann,tlipmannqp@statcounter.com,30275493229944.0,diners-club-carte-blanche
963,Perl Boyd,pboydqq@google.es,3541728914576992.0,jcb
964,Chelsea Pucker,cpuckerqr@samsung.com,nan,switch
965,None,bmcgaugheyqs@ted.com,5.602231866e+16,china-unionpay
966,Farris Smallpeice,fsmallpeiceqt@washington.edu,3534963748487764.0,jcb
967,Cornelius Gaskall,cgaskallqu@nhs.uk,3534881907575700.0,jcb
968,Pieter Niesel,pnieselqv@springer.com,nan,jcb
969,Dominique Geistmann,dgeistmannqw@abc.net.au,5403405244489889.0,diners-club-us-ca
970,Starla Elrick,selrickqx@shinystat.com,5602239772674532.0,china-unionpay
971,Angelia Hudel,ahudelqy@auda.org.au,nan,diners-club-international
972,Les Amthor,lamthorqz@java.com,5.602222358e+16,china-unionpay
973,Anthia Darnbrough,adarnbroughr0@unc.edu,3545821539152509.0,jcb
974,Selie Cowely,scowelyr1@reddit.com,5020717167610959.0,maestro
975,Zebadiah Louisot,zlouisotr2@cnn.com,5010128379354109.0,mastercard
976,Bendite Brunroth,bbrunrothr3@yahoo.co.jp,nan,instapayment
977,None,msinghr4@shareasale.com,3539891198645539.0,jcb
978,Liz Younghusband,lyounghusbandr5@oracle.com,nan,jcb
979,Bradney L Episcopi,blepiscopir6@vinaora.com,nan,maestro
980,Marylin Pescott,mpescottr7@indiegogo.com,nan,instapayment
981,Dorothea Poyner,dpoynerr8@prnewswire.com,6.334763945e+18,solo
982,Alisha Claxson,aclaxsonr9@xinhuanet.com,3581520396650275.0,jcb
983,Lanni Maskall,lmaskallra@wikimedia.org,6763604879274440.0,maestro
984,Harwell Haggerwood,hhaggerwoodrb@telegraph.co.uk,6389344082878091.0,instapayment
985,Shel Humberston,shumberstonrc@dedecms.com,nan,diners-club-enroute
986,Thadeus Siddens,tsiddensrd@nationalgeographic.com,nan,visa
987,Lizabeth Laherty,llahertyre@reference.com,3528435939902966.0,jcb
988,Manda Toombes,mtoombesrf@ftc.gov,36429514061430.0,diners-club-international
989,Roxanne Edmenson,redmensonrg@youtube.com,6.771595218e+16,laser
990,Ewan Harkes,eharkesrh@ow.ly,5007662958645284.0,mastercard
991,Forrest Knagges,fknaggesri@bandcamp.com,3574892991393380.0,jcb
992,Glory Fronsek,gfronsekrj@blogger.com,5.61066443e+18,china-unionpay
993,None,mpratterk@miibeian.gov.cn,3553201758978182.0,jcb
994,Rhetta Danbury,rdanburyrl@goo.gl,5602259375508853.0,bankcard
995,Kippar Sinott,ksinottrm@sina.com.cn,3536803317503054.0,jcb
996,Kirsten Catford,kcatfordrn@sphinn.com,3531801497802838.0,jcb
997,Marlin Darley,mdarleyro@imageshack.us,nan,jcb
998,Cassy Harriot,charriotrp@netlog.com,4175001305539222.0,visa-electron
999,Sherwood Mathevon,smathevonrq@phoca.cz,4905585982366559.0,switch
1000,Bertina Bellerby,bbellerbyrr@photobucket.com,nan,diners-club-enroute
